{
  "unversionedId": "deployment/post_deployment/account_structure",
  "id": "deployment/post_deployment/account_structure",
  "isDocsHomePage": false,
  "title": "Account Structure",
  "description": "Service Workbench uses three types of accounts. You will see these account names throughout the Service Workbench Deployment Guide.",
  "source": "@site/docs\\deployment\\post_deployment\\account_structure copy.md",
  "slug": "/deployment/post_deployment/account_structure",
  "permalink": "/deployment/post_deployment/account_structure",
  "editUrl": "https://github.com/awslabs/go-research-on-aws/website/docs/deployment/post_deployment/account_structure copy.md",
  "version": "current",
  "sidebar_label": "Account Structure",
  "sidebar": "serviceWorkbenchSidebar",
  "previous": {
    "title": "Post Deployment",
    "permalink": "/deployment/post_deployment/index"
  },
  "next": {
    "title": "Create or Add Accounts",
    "permalink": "/deployment/post_deployment/aws_accounts"
  }
}