{
  "unversionedId": "installation_guide/installation/pre-installation/overview",
  "id": "installation_guide/installation/pre-installation/overview",
  "isDocsHomePage": false,
  "title": "Overview",
  "description": "This section covers the following information required to install Service Workbench:",
  "source": "@site/docs/installation_guide/installation/pre-installation/overview.md",
  "slug": "/installation_guide/installation/pre-installation/overview",
  "permalink": "/installation_guide/installation/pre-installation/overview",
  "editUrl": "https://github.com/awslabs/go-research-on-aws/website/docs/installation_guide/installation/pre-installation/overview.md",
  "version": "current",
  "sidebar_label": "Overview",
  "sidebar": "serviceWorkbenchSidebar",
  "previous": {
    "title": "Service Workbench installation components",
    "permalink": "/installation_guide/components"
  },
  "next": {
    "title": "Tool requirements",
    "permalink": "/installation_guide/installation/pre-installation/tool-req"
  }
}