{
  "unversionedId": "configuration_guide/activedirectory",
  "id": "configuration_guide/activedirectory",
  "isDocsHomePage": false,
  "title": "Configuring Service Workbench using Microsoft Active Directory",
  "description": "Updating accounts",
  "source": "@site/docs/configuration_guide/activedirectory.md",
  "slug": "/configuration_guide/activedirectory",
  "permalink": "/configuration_guide/activedirectory",
  "editUrl": "https://github.com/awslabs/go-research-on-aws/website/docs/configuration_guide/activedirectory.md",
  "version": "current",
  "sidebar_label": "Configuring Service Workbench using Microsoft Active Directory",
  "sidebar": "serviceWorkbenchSidebar",
  "previous": {
    "title": "Service Workbench and IdP workflow",
    "permalink": "/configuration_guide/workflow"
  },
  "next": {
    "title": "Configuring Service Workbench using Microsoft Active Directory Federation Services",
    "permalink": "/configuration_guide/adfs"
  }
}