{
  "unversionedId": "deployment/redeployment",
  "id": "deployment/redeployment",
  "isDocsHomePage": false,
  "title": "Deploying Updates",
  "description": "After a successful initial deployment, you can deploy individually to the five serverless projects that are a part of this solution.",
  "source": "@site/docs/deployment/redeployment.md",
  "slug": "/deployment/redeployment",
  "permalink": "/deployment/redeployment",
  "editUrl": "https://github.com/awslabs/go-research-on-aws/website/docs/deployment/redeployment.md",
  "version": "current",
  "sidebar_label": "Deploying Updates",
  "sidebar": "serviceWorkbenchSidebar",
  "previous": {
    "title": "Viewing logs",
    "permalink": "/deployment/post_deployment/logs"
  },
  "next": {
    "title": "Reference",
    "permalink": "/deployment/reference/iam_role"
  }
}