{
  "unversionedId": "user_guide/account_structure",
  "id": "user_guide/account_structure",
  "isDocsHomePage": false,
  "title": "Account Structure",
  "description": "Account Structure",
  "source": "@site/docs\\user_guide\\account_structure.md",
  "slug": "/user_guide/account_structure",
  "permalink": "/user_guide/account_structure",
  "editUrl": "https://github.com/awslabs/go-research-on-aws/website/docs/user_guide/account_structure.md",
  "version": "current",
  "sidebar_label": "Account Structure",
  "sidebar": "serviceWorkbenchSidebar",
  "previous": {
    "title": "Prepare the Master Account",
    "permalink": "/deployment/reference/prepare_master_account"
  },
  "next": {
    "title": "Sidebar Introduction",
    "permalink": "/user_guide/introduction"
  }
}