{
  "unversionedId": "installation_guide/troubleshooting",
  "id": "installation_guide/troubleshooting",
  "isDocsHomePage": false,
  "title": "Troubleshooting",
  "description": "Problem: Running scripts/environment-deploy.sh $STAGE fails with the message Uploaded file must be a non-empty zip.",
  "source": "@site/docs/installation_guide/troubleshooting.md",
  "slug": "/installation_guide/troubleshooting",
  "permalink": "/installation_guide/troubleshooting",
  "editUrl": "https://github.com/awslabs/go-research-on-aws/website/docs/installation_guide/troubleshooting.md",
  "version": "current",
  "sidebar_label": "Troubleshooting",
  "sidebar": "serviceWorkbenchSidebar",
  "previous": {
    "title": "Uninstalling Service Workbench",
    "permalink": "/installation_guide/uninstall"
  },
  "next": {
    "title": "Identity Provider overview",
    "permalink": "/configuration_guide/overview"
  }
}