{
  "unversionedId": "deployment/reference/aws_services",
  "id": "deployment/reference/aws_services",
  "isDocsHomePage": false,
  "title": "Usage of AWS Cloud Services",
  "description": "This section describes some of the AWS Cloud services used by Service Workbench. The resource names usually include the Namespace, including the  Stage Name used at deployment. You can deploy multiple instances of Service Workbench from the same account if you use a different Stage Name for each deployment.",
  "source": "@site/docs/deployment/reference/aws_services.md",
  "slug": "/deployment/reference/aws_services",
  "permalink": "/deployment/reference/aws_services",
  "editUrl": "https://github.com/awslabs/go-research-on-aws/website/docs/deployment/reference/aws_services.md",
  "version": "current",
  "sidebar_label": "AWS Cloud Services",
  "sidebar": "serviceWorkbenchSidebar",
  "previous": {
    "title": "Reference",
    "permalink": "/deployment/reference/iam_role"
  },
  "next": {
    "title": "Prepare the Master Account",
    "permalink": "/deployment/reference/prepare_master_account"
  }
}