{
  "unversionedId": "configuration_guide/workflow",
  "id": "configuration_guide/workflow",
  "isDocsHomePage": false,
  "title": "Service Workbench and IdP workflow",
  "description": "Service Workbench and IdP workflow",
  "source": "@site/docs/configuration_guide/workflow.md",
  "slug": "/configuration_guide/workflow",
  "permalink": "/configuration_guide/workflow",
  "editUrl": "https://github.com/awslabs/go-research-on-aws/website/docs/configuration_guide/workflow.md",
  "version": "current",
  "sidebar_label": "Service Workbench and IdP workflow",
  "sidebar": "serviceWorkbenchSidebar",
  "previous": {
    "title": "Identity Provider overview",
    "permalink": "/configuration_guide/overview"
  },
  "next": {
    "title": "Configuring Service Workbench using Microsoft Active Directory",
    "permalink": "/configuration_guide/activedirectory"
  }
}