{
  "unversionedId": "deployment/configuration/auth/configuring_auth0",
  "id": "deployment/configuration/auth/configuring_auth0",
  "isDocsHomePage": false,
  "title": "Configure Auth0 and SAML2",
  "description": "Service Workbench on AWS can be configured to authenticate users through Auth0 and SAML2.",
  "source": "@site/docs/deployment/configuration/auth/configuring_auth0.md",
  "slug": "/deployment/configuration/auth/configuring_auth0",
  "permalink": "/deployment/configuration/auth/configuring_auth0",
  "editUrl": "https://github.com/awslabs/go-research-on-aws/website/docs/deployment/configuration/auth/configuring_auth0.md",
  "version": "current",
  "sidebar_label": "Configure Auth0 and SAML2"
}