{
  "unversionedId": "installation_guide/upgrading/commandline",
  "id": "installation_guide/upgrading/commandline",
  "isDocsHomePage": false,
  "title": "Upgrade process for command-line installations",
  "description": "You can upgrade Service Workbench deployments that were installed from the command line using downloaded source code.",
  "source": "@site/docs/installation_guide/upgrading/commandline.md",
  "slug": "/installation_guide/upgrading/commandline",
  "permalink": "/installation_guide/upgrading/commandline",
  "editUrl": "https://github.com/awslabs/go-research-on-aws/website/docs/installation_guide/upgrading/commandline.md",
  "version": "current",
  "sidebar_label": "Upgrade process for command line installations",
  "sidebar": "serviceWorkbenchSidebar",
  "previous": {
    "title": "Installing Service Workbench using Cloud9",
    "permalink": "/installation_guide/installation/cloud9install"
  },
  "next": {
    "title": "Upgrading AWS solution installation",
    "permalink": "/installation_guide/upgrading/solutions"
  }
}