{
  "unversionedId": "deployment/deployment_stages",
  "id": "deployment/deployment_stages",
  "isDocsHomePage": false,
  "title": "Deployment Stages",
  "description": "The Service Workbench deployment is categorized into the following stages:",
  "source": "@site/docs\\deployment\\deployment_stages.md",
  "slug": "/deployment/deployment_stages",
  "permalink": "/deployment/deployment_stages",
  "editUrl": "https://github.com/awslabs/go-research-on-aws/website/docs/deployment/deployment_stages.md",
  "version": "current",
  "sidebar_label": "Deployment Stages",
  "sidebar": "serviceWorkbenchSidebar",
  "previous": {
    "title": "Features",
    "permalink": "/deployment/summary"
  },
  "next": {
    "title": "Pre Deployment",
    "permalink": "/deployment/pre_deployment/pre_deployment"
  }
}