{
  "unversionedId": "deployment/reference/prepare_master_account",
  "id": "deployment/reference/prepare_master_account",
  "isDocsHomePage": false,
  "title": "Prepare the Master Account",
  "description": "This step is only required if Service Workbench is to be used to vend accounts in the AWS Organization, using the 'Create Account' mechanism.  If Service Workbench is to use only billing accounts imported through the 'Add Account' mechanism, this step can be omitted.",
  "source": "@site/docs\\deployment\\reference\\prepare_master_account.md",
  "slug": "/deployment/reference/prepare_master_account",
  "permalink": "/deployment/reference/prepare_master_account",
  "editUrl": "https://github.com/awslabs/go-research-on-aws/website/docs/deployment/reference/prepare_master_account.md",
  "version": "current",
  "sidebar_label": "Prepare the Master Account",
  "sidebar": "serviceWorkbenchSidebar",
  "previous": {
    "title": "Usage of AWS Cloud Services",
    "permalink": "/deployment/reference/aws_services"
  },
  "next": {
    "title": "Account Structure",
    "permalink": "/user_guide/account_structure"
  }
}