{
  "unversionedId": "user_guide/sidebar/admin/users/user_roles",
  "id": "user_guide/sidebar/admin/users/user_roles",
  "isDocsHomePage": false,
  "title": "User Roles",
  "description": "There are 5 different types of Roles that you can assign to Users:",
  "source": "@site/docs\\user_guide\\sidebar\\admin\\users\\roles.md",
  "slug": "/user_guide/sidebar/admin/users/user_roles",
  "permalink": "/user_guide/sidebar/admin/users/user_roles",
  "editUrl": "https://github.com/awslabs/go-research-on-aws/website/docs/user_guide/sidebar/admin/users/roles.md",
  "version": "current",
  "sidebar_label": "User Roles",
  "sidebar": "serviceWorkbenchSidebar",
  "previous": {
    "title": "Users Introduction",
    "permalink": "/user_guide/sidebar/admin/users/introduction"
  },
  "next": {
    "title": "Adding Federated Users",
    "permalink": "/user_guide/sidebar/admin/users/add_federated_user"
  }
}