{
  "unversionedId": "deployment/summary",
  "id": "deployment/summary",
  "isDocsHomePage": false,
  "title": "Features",
  "description": "Service Workbench is designed from the ground up to make it easy for you to install the application and get running quickly.",
  "source": "@site/docs/deployment/summary.md",
  "slug": "/deployment/summary",
  "permalink": "/deployment/summary",
  "editUrl": "https://github.com/awslabs/go-research-on-aws/website/docs/deployment/summary.md",
  "version": "current",
  "sidebar_label": "Features"
}