{
  "pluginId": "default",
  "version": "current",
  "label": "Next",
  "isLast": true,
  "docsSidebars": {
    "serviceWorkbenchSidebar": [
      {
        "collapsed": true,
        "type": "category",
        "label": "Service Workbench Installation Guide",
        "items": [
          {
            "type": "link",
            "label": "Service Workbench overview",
            "href": "/installation_guide/overview"
          },
          {
            "type": "link",
            "label": "Service Workbench architecture",
            "href": "/installation_guide/architecture"
          },
          {
            "type": "link",
            "label": "Installation components",
            "href": "/installation_guide/components"
          },
          {
            "collapsed": true,
            "type": "category",
            "label": "Pre-installation requirements",
            "items": [
              {
                "type": "link",
                "label": "Overview",
                "href": "/installation_guide/installation/pre-installation/overview"
              },
              {
                "type": "link",
                "label": "Tool requirements",
                "href": "/installation_guide/installation/pre-installation/tool-req"
              },
              {
                "type": "link",
                "label": "Software requirements",
                "href": "/installation_guide/installation/pre-installation/software-req"
              },
              {
                "type": "link",
                "label": "Instance requirements",
                "href": "/installation_guide/installation/pre-installation/instance-req"
              },
              {
                "type": "link",
                "label": "Configuration settings",
                "href": "/installation_guide/installation/pre-installation/conf-settings"
              },
              {
                "type": "link",
                "label": "Accessing reference documentation",
                "href": "/installation_guide/installation/pre-installation/documentation"
              }
            ]
          },
          {
            "collapsed": true,
            "type": "category",
            "label": "Installing Service Workbench",
            "items": [
              {
                "type": "link",
                "label": "Installing AMIs",
                "href": "/installation_guide/installation/ami-install"
              },
              {
                "type": "link",
                "label": "Installation using EC2 instance",
                "href": "/installation_guide/installation/ec2install"
              },
              {
                "type": "link",
                "label": "Installing using Cloud9",
                "href": "/installation_guide/installation/cloud9install"
              }
            ]
          },
          {
            "collapsed": true,
            "type": "category",
            "label": "Upgrading Service Workbench",
            "items": [
              {
                "type": "link",
                "label": "Upgrade process for command line installations",
                "href": "/installation_guide/upgrading/commandline"
              },
              {
                "type": "link",
                "label": "Upgrading AWS solution installation",
                "href": "/installation_guide/upgrading/solutions"
              }
            ]
          },
          {
            "type": "link",
            "label": "Post upgrade",
            "href": "/installation_guide/postupgrade"
          },
          {
            "type": "link",
            "label": "Uninstalling Service Workbench",
            "href": "/installation_guide/uninstall"
          },
          {
            "type": "link",
            "label": "Troubleshooting",
            "href": "/installation_guide/troubleshooting"
          }
        ]
      },
      {
        "collapsed": true,
        "type": "category",
        "label": "Service Workbench Configuration Guide",
        "items": [
          {
            "type": "link",
            "label": "Identity Provider overview",
            "href": "/configuration_guide/overview"
          },
          {
            "type": "link",
            "label": "Service Workbench and IdP workflow",
            "href": "/configuration_guide/workflow"
          },
          {
            "collapsed": true,
            "type": "category",
            "label": "Configuring Service Workbench using IdP",
            "items": [
              {
                "type": "link",
                "label": "Configuring Service Workbench using Microsoft Active Directory",
                "href": "/configuration_guide/activedirectory"
              },
              {
                "type": "link",
                "label": "Configuring Service Workbench using Microsoft Active Directory Federation Services",
                "href": "/configuration_guide/adfs"
              },
              {
                "type": "link",
                "label": "Configuring Service Workbench using Auth0",
                "href": "/configuration_guide/auth0"
              }
            ]
          }
        ]
      },
      {
        "collapsed": true,
        "type": "category",
        "label": "Deployment Guide",
        "items": [
          {
            "type": "link",
            "label": "Deployment Stages",
            "href": "/deployment/deployment_stages"
          },
          {
            "collapsed": true,
            "type": "category",
            "label": "Pre Deployment",
            "items": [
              {
                "type": "link",
                "label": "Pre Deployment",
                "href": "/deployment/pre_deployment/pre_deployment"
              },
              {
                "type": "link",
                "label": "Prerequisites",
                "href": "/deployment/pre_deployment/accounts"
              },
              {
                "type": "link",
                "label": "Prerequisite Software",
                "href": "/deployment/pre_deployment/prereq_commands"
              },
              {
                "type": "link",
                "label": "Deployment Instance",
                "href": "/deployment/pre_deployment/deployment_instance"
              },
              {
                "type": "link",
                "label": "Source Code",
                "href": "/deployment/pre_deployment/source_code"
              },
              {
                "type": "link",
                "label": "Configuration",
                "href": "/deployment/pre_deployment/configuration"
              }
            ]
          },
          {
            "type": "link",
            "label": "Deploying Service Workbench",
            "href": "/deployment/deployment/index"
          },
          {
            "collapsed": true,
            "type": "category",
            "label": "Post Deployment",
            "items": [
              {
                "type": "link",
                "label": "Post Deployment",
                "href": "/deployment/post_deployment/index"
              },
              {
                "type": "link",
                "label": "Account Structure",
                "href": "/deployment/post_deployment/account_structure"
              },
              {
                "type": "link",
                "label": "Create or Add Accounts",
                "href": "/deployment/post_deployment/aws_accounts"
              },
              {
                "type": "link",
                "label": "Create Indexes and Projects",
                "href": "/deployment/post_deployment/create_index_project"
              },
              {
                "type": "link",
                "label": "Create an Administrator User",
                "href": "/deployment/post_deployment/create_admin_user"
              },
              {
                "type": "link",
                "label": "Import Service Catalog Products",
                "href": "/deployment/post_deployment/import_service_catalog_products"
              },
              {
                "type": "link",
                "label": "Viewing Service Workbench Logs",
                "href": "/deployment/post_deployment/logs"
              }
            ]
          },
          {
            "type": "link",
            "label": "Deploying Updates",
            "href": "/deployment/redeployment"
          },
          {
            "collapsed": true,
            "type": "category",
            "label": "Reference",
            "items": [
              {
                "type": "link",
                "label": "Add an AWS IAM role to an Amazon EC2 instance",
                "href": "/deployment/reference/iam_role"
              },
              {
                "type": "link",
                "label": "AWS Cloud Services",
                "href": "/deployment/reference/aws_services"
              },
              {
                "type": "link",
                "label": "Prepare the Master Account",
                "href": "/deployment/reference/prepare_master_account"
              }
            ]
          }
        ]
      },
      {
        "collapsed": true,
        "type": "category",
        "label": "User Guide",
        "items": [
          {
            "type": "link",
            "label": "Account Structure",
            "href": "/user_guide/account_structure"
          },
          {
            "type": "link",
            "label": "Sidebar Introduction",
            "href": "/user_guide/introduction"
          },
          {
            "collapsed": true,
            "type": "category",
            "label": "Sidebar",
            "items": [
              {
                "collapsed": true,
                "type": "category",
                "label": "Researcher View",
                "items": [
                  {
                    "type": "link",
                    "label": "Dashboard",
                    "href": "/user_guide/sidebar/common/dashboard/introduction"
                  },
                  {
                    "collapsed": true,
                    "type": "category",
                    "label": "Studies",
                    "items": [
                      {
                        "type": "link",
                        "label": "Introduction",
                        "href": "/user_guide/sidebar/common/studies/introduction"
                      },
                      {
                        "type": "link",
                        "label": "Creating a Study",
                        "href": "/user_guide/sidebar/common/studies/creating_a_study"
                      },
                      {
                        "type": "link",
                        "label": "Data Sources",
                        "href": "/user_guide/sidebar/common/studies/data_sources"
                      },
                      {
                        "type": "link",
                        "label": "Studies Page",
                        "href": "/user_guide/sidebar/common/studies/studies_page"
                      },
                      {
                        "type": "link",
                        "label": "Sharing a Study",
                        "href": "/user_guide/sidebar/common/studies/sharing_a_study"
                      }
                    ]
                  },
                  {
                    "collapsed": true,
                    "type": "category",
                    "label": "Workspaces",
                    "items": [
                      {
                        "type": "link",
                        "label": "Introduction",
                        "href": "/user_guide/sidebar/common/workspaces/introduction"
                      },
                      {
                        "type": "link",
                        "label": "Creating a Workspace",
                        "href": "/user_guide/sidebar/common/workspaces/create_workspace_study"
                      },
                      {
                        "type": "link",
                        "label": "Accessing a Workspace",
                        "href": "/user_guide/sidebar/common/workspaces/accessing_a_workspace"
                      },
                      {
                        "type": "link",
                        "label": "Terminating a Workspace",
                        "href": "/user_guide/sidebar/common/workspaces/terminating_a_workspace"
                      }
                    ]
                  }
                ]
              },
              {
                "collapsed": true,
                "type": "category",
                "label": "Administrator View",
                "items": [
                  {
                    "type": "link",
                    "label": "Dashboard",
                    "href": "/user_guide/sidebar/common/dashboard/introduction"
                  },
                  {
                    "collapsed": true,
                    "type": "category",
                    "label": "Auth",
                    "items": [
                      {
                        "type": "link",
                        "label": "Introduction",
                        "href": "/user_guide/sidebar/admin/auth/introduction"
                      }
                    ]
                  },
                  {
                    "collapsed": true,
                    "type": "category",
                    "label": "Users & Roles",
                    "items": [
                      {
                        "type": "link",
                        "label": "Introduction",
                        "href": "/user_guide/sidebar/admin/users/introduction"
                      },
                      {
                        "type": "link",
                        "label": "User Roles",
                        "href": "/user_guide/sidebar/admin/users/user_roles"
                      },
                      {
                        "type": "link",
                        "label": "Adding Federated Users",
                        "href": "/user_guide/sidebar/admin/users/add_federated_user"
                      }
                    ]
                  },
                  {
                    "collapsed": true,
                    "type": "category",
                    "label": "Accounts",
                    "items": [
                      {
                        "collapsed": true,
                        "type": "category",
                        "label": "Projects",
                        "items": [
                          {
                            "type": "link",
                            "label": "Introduction",
                            "href": "/user_guide/sidebar/admin/accounts/projects/introduction"
                          },
                          {
                            "type": "link",
                            "label": "Create Project",
                            "href": "/user_guide/sidebar/admin/accounts/projects/create_project"
                          },
                          {
                            "type": "link",
                            "label": "Adding a User to a Project",
                            "href": "/user_guide/sidebar/admin/accounts/projects/add_user_to_project"
                          }
                        ]
                      },
                      {
                        "collapsed": true,
                        "type": "category",
                        "label": "Indexes",
                        "items": [
                          {
                            "type": "link",
                            "label": "Introduction",
                            "href": "/user_guide/sidebar/admin/accounts/indexes/introduction"
                          },
                          {
                            "type": "link",
                            "label": "Create a New Index",
                            "href": "/user_guide/sidebar/admin/accounts/indexes/create_new_index"
                          }
                        ]
                      },
                      {
                        "collapsed": true,
                        "type": "category",
                        "label": "AWS Accounts",
                        "items": [
                          {
                            "type": "link",
                            "label": "Introduction",
                            "href": "/user_guide/sidebar/admin/accounts/aws_accounts/introduction"
                          },
                          {
                            "type": "link",
                            "label": "Create an AWS Account",
                            "href": "/user_guide/sidebar/admin/accounts/aws_accounts/create_member_account"
                          },
                          {
                            "type": "link",
                            "label": "Invite an AWS Member Account",
                            "href": "/user_guide/sidebar/admin/accounts/aws_accounts/invite_member_account"
                          },
                          {
                            "type": "link",
                            "label": "Set AWS Account Budget",
                            "href": "/user_guide/sidebar/admin/accounts/aws_accounts/set_account_budget"
                          },
                          {
                            "collapsed": true,
                            "type": "category",
                            "label": "Roles and Permissions",
                            "items": [
                              {
                                "type": "link",
                                "label": "Master Account Role",
                                "href": "/user_guide/sidebar/admin/accounts/aws_accounts/master_role"
                              },
                              {
                                "type": "link",
                                "label": "Cross Account Execution Role",
                                "href": "/user_guide/sidebar/admin/accounts/aws_accounts/cross_account_execution_role"
                              }
                            ]
                          }
                        ]
                      }
                    ]
                  },
                  {
                    "collapsed": true,
                    "type": "category",
                    "label": "Workflows",
                    "items": [
                      {
                        "type": "link",
                        "label": "Introduction",
                        "href": "/user_guide/sidebar/admin/workflows/introduction"
                      }
                    ]
                  },
                  {
                    "collapsed": true,
                    "type": "category",
                    "label": "Studies",
                    "items": [
                      {
                        "type": "link",
                        "label": "Introduction",
                        "href": "/user_guide/sidebar/common/studies/introduction"
                      },
                      {
                        "type": "link",
                        "label": "Creating a Study",
                        "href": "/user_guide/sidebar/common/studies/creating_a_study"
                      },
                      {
                        "type": "link",
                        "label": "Studies Page",
                        "href": "/user_guide/sidebar/common/studies/studies_page"
                      },
                      {
                        "type": "link",
                        "label": "Sharing a Study",
                        "href": "/user_guide/sidebar/common/studies/sharing_a_study"
                      },
                      {
                        "type": "link",
                        "label": "Data Sources",
                        "href": "/user_guide/sidebar/common/studies/data_sources"
                      }
                    ]
                  },
                  {
                    "collapsed": true,
                    "type": "category",
                    "label": "Workspaces",
                    "items": [
                      {
                        "type": "link",
                        "label": "Introduction",
                        "href": "/user_guide/sidebar/common/workspaces/introduction"
                      },
                      {
                        "type": "link",
                        "label": "Creating a Workspace",
                        "href": "/user_guide/sidebar/common/workspaces/create_workspace_study"
                      },
                      {
                        "type": "link",
                        "label": "Terminating a Workspace",
                        "href": "/user_guide/sidebar/common/workspaces/terminating_a_workspace"
                      }
                    ]
                  }
                ]
              }
            ]
          }
        ]
      },
      {
        "collapsed": true,
        "type": "category",
        "label": "Best Practices",
        "items": [
          {
            "type": "link",
            "label": "Introduction",
            "href": "/best_practices/introduction"
          },
          {
            "type": "link",
            "label": "Multiple Deployment Environments",
            "href": "/best_practices/multiple_deployment_environments"
          },
          {
            "type": "link",
            "label": "Amazon Inspector",
            "href": "/best_practices/amazon_inspector"
          },
          {
            "type": "link",
            "label": "AWS CloudTrail",
            "href": "/best_practices/aws_cloudtrail"
          },
          {
            "type": "link",
            "label": "AWS Shield",
            "href": "/best_practices/aws_shield"
          },
          {
            "type": "link",
            "label": "CI/CD",
            "href": "/best_practices/cicd"
          },
          {
            "type": "link",
            "label": "Rotating the JWT Master Token",
            "href": "/best_practices/rotating_jwt_token"
          }
        ]
      },
      {
        "collapsed": true,
        "type": "category",
        "label": "Development Guide",
        "items": [
          {
            "type": "link",
            "label": "Introduction",
            "href": "/development/introduction"
          }
        ]
      }
    ]
  },
  "permalinkToSidebar": {
    "/best_practices/amazon_inspector": "serviceWorkbenchSidebar",
    "/best_practices/aws_cloudtrail": "serviceWorkbenchSidebar",
    "/best_practices/aws_shield": "serviceWorkbenchSidebar",
    "/best_practices/cicd": "serviceWorkbenchSidebar",
    "/best_practices/introduction": "serviceWorkbenchSidebar",
    "/best_practices/multiple_deployment_environments": "serviceWorkbenchSidebar",
    "/best_practices/rotating_jwt_token": "serviceWorkbenchSidebar",
    "/configuration_guide/activedirectory": "serviceWorkbenchSidebar",
    "/configuration_guide/adfs": "serviceWorkbenchSidebar",
    "/configuration_guide/auth0": "serviceWorkbenchSidebar",
    "/configuration_guide/overview": "serviceWorkbenchSidebar",
    "/configuration_guide/workflow": "serviceWorkbenchSidebar",
    "/deployment/deployment_stages": "serviceWorkbenchSidebar",
    "/deployment/deployment/index": "serviceWorkbenchSidebar",
    "/deployment/post_deployment/account_structure": "serviceWorkbenchSidebar",
    "/deployment/post_deployment/aws_accounts": "serviceWorkbenchSidebar",
    "/deployment/post_deployment/create_admin_user": "serviceWorkbenchSidebar",
    "/deployment/post_deployment/create_index_project": "serviceWorkbenchSidebar",
    "/deployment/post_deployment/import_service_catalog_products": "serviceWorkbenchSidebar",
    "/deployment/post_deployment/index": "serviceWorkbenchSidebar",
    "/deployment/post_deployment/logs": "serviceWorkbenchSidebar",
    "/deployment/pre_deployment/accounts": "serviceWorkbenchSidebar",
    "/deployment/pre_deployment/configuration": "serviceWorkbenchSidebar",
    "/deployment/pre_deployment/deployment_instance": "serviceWorkbenchSidebar",
    "/deployment/pre_deployment/pre_deployment": "serviceWorkbenchSidebar",
    "/deployment/pre_deployment/prereq_commands": "serviceWorkbenchSidebar",
    "/deployment/pre_deployment/source_code": "serviceWorkbenchSidebar",
    "/deployment/redeployment": "serviceWorkbenchSidebar",
    "/deployment/reference/aws_services": "serviceWorkbenchSidebar",
    "/deployment/reference/iam_role": "serviceWorkbenchSidebar",
    "/deployment/reference/prepare_master_account": "serviceWorkbenchSidebar",
    "/development/introduction": "serviceWorkbenchSidebar",
    "/installation_guide/architecture": "serviceWorkbenchSidebar",
    "/installation_guide/components": "serviceWorkbenchSidebar",
    "/installation_guide/installation/ami-install": "serviceWorkbenchSidebar",
    "/installation_guide/installation/cloud9install": "serviceWorkbenchSidebar",
    "/installation_guide/installation/ec2install": "serviceWorkbenchSidebar",
    "/installation_guide/installation/pre-installation/conf-settings": "serviceWorkbenchSidebar",
    "/installation_guide/installation/pre-installation/documentation": "serviceWorkbenchSidebar",
    "/installation_guide/installation/pre-installation/instance-req": "serviceWorkbenchSidebar",
    "/installation_guide/installation/pre-installation/overview": "serviceWorkbenchSidebar",
    "/installation_guide/installation/pre-installation/software-req": "serviceWorkbenchSidebar",
    "/installation_guide/installation/pre-installation/tool-req": "serviceWorkbenchSidebar",
    "/installation_guide/overview": "serviceWorkbenchSidebar",
    "/installation_guide/postupgrade": "serviceWorkbenchSidebar",
    "/installation_guide/troubleshooting": "serviceWorkbenchSidebar",
    "/installation_guide/uninstall": "serviceWorkbenchSidebar",
    "/installation_guide/upgrading/commandline": "serviceWorkbenchSidebar",
    "/installation_guide/upgrading/solutions": "serviceWorkbenchSidebar",
    "/user_guide/account_structure": "serviceWorkbenchSidebar",
    "/user_guide/introduction": "serviceWorkbenchSidebar",
    "/user_guide/sidebar/admin/accounts/aws_accounts/create_member_account": "serviceWorkbenchSidebar",
    "/user_guide/sidebar/admin/accounts/aws_accounts/cross_account_execution_role": "serviceWorkbenchSidebar",
    "/user_guide/sidebar/admin/accounts/aws_accounts/introduction": "serviceWorkbenchSidebar",
    "/user_guide/sidebar/admin/accounts/aws_accounts/invite_member_account": "serviceWorkbenchSidebar",
    "/user_guide/sidebar/admin/accounts/aws_accounts/master_role": "serviceWorkbenchSidebar",
    "/user_guide/sidebar/admin/accounts/aws_accounts/set_account_budget": "serviceWorkbenchSidebar",
    "/user_guide/sidebar/admin/accounts/indexes/create_new_index": "serviceWorkbenchSidebar",
    "/user_guide/sidebar/admin/accounts/indexes/introduction": "serviceWorkbenchSidebar",
    "/user_guide/sidebar/admin/accounts/projects/add_user_to_project": "serviceWorkbenchSidebar",
    "/user_guide/sidebar/admin/accounts/projects/create_project": "serviceWorkbenchSidebar",
    "/user_guide/sidebar/admin/accounts/projects/introduction": "serviceWorkbenchSidebar",
    "/user_guide/sidebar/admin/auth/introduction": "serviceWorkbenchSidebar",
    "/user_guide/sidebar/admin/users/add_federated_user": "serviceWorkbenchSidebar",
    "/user_guide/sidebar/admin/users/introduction": "serviceWorkbenchSidebar",
    "/user_guide/sidebar/admin/users/user_roles": "serviceWorkbenchSidebar",
    "/user_guide/sidebar/admin/workflows/introduction": "serviceWorkbenchSidebar",
    "/user_guide/sidebar/common/dashboard/introduction": "serviceWorkbenchSidebar",
    "/user_guide/sidebar/common/studies/creating_a_study": "serviceWorkbenchSidebar",
    "/user_guide/sidebar/common/studies/data_sources": "serviceWorkbenchSidebar",
    "/user_guide/sidebar/common/studies/introduction": "serviceWorkbenchSidebar",
    "/user_guide/sidebar/common/studies/sharing_a_study": "serviceWorkbenchSidebar",
    "/user_guide/sidebar/common/studies/studies_page": "serviceWorkbenchSidebar",
    "/user_guide/sidebar/common/workspaces/accessing_a_workspace": "serviceWorkbenchSidebar",
    "/user_guide/sidebar/common/workspaces/create_workspace_study": "serviceWorkbenchSidebar",
    "/user_guide/sidebar/common/workspaces/introduction": "serviceWorkbenchSidebar",
    "/user_guide/sidebar/common/workspaces/terminating_a_workspace": "serviceWorkbenchSidebar"
  }
}