{
  "id": "deployment/post_deployment/aws_accounts",
  "title": "Create or Add Accounts",
  "description": "After logging in as root user for the first time, go to the 'Accounts' page in the SideBar. Service Workbench uses AWS accounts on this page for launching research workspaces. You can add existing AWS accounts or create new ones on the 'Accounts' tab.  Accounts are responsible for the charges incurred by the resources that are deployed within the Service Workbench.",
  "source": "@site/docs\\deployment\\post_deployment\\aws_accounts.md",
  "permalink": "/deployment/post_deployment/aws_accounts",
  "editUrl": "https://github.com/awslabs/go-research-on-aws/website/docs/deployment/post_deployment/aws_accounts.md",
  "sidebar_label": "Create or Add Accounts",
  "sidebar": "serviceWorkbenchSidebar",
  "previous": {
    "title": "Account Structure",
    "permalink": "/deployment/post_deployment/account_structure"
  },
  "next": {
    "title": "Create Indexes and Projects",
    "permalink": "/deployment/post_deployment/create_index_project"
  }
}