{
  "id": "user_guide/sidebar/common/dashboard/introduction",
  "title": "Dashboard",
  "description": "The dashboard is visible to all users that log in to the solution. It is also the first screen visible to a user after logging into the web interface. Based on the role a user holds they can see more or less data inside the dashboard's widgets.",
  "source": "@site/docs\\user_guide\\sidebar\\common\\dashboard\\introduction.md",
  "permalink": "/user_guide/sidebar/common/dashboard/introduction",
  "editUrl": "https://github.com/awslabs/go-research-on-aws/website/docs/user_guide/sidebar/common/dashboard/introduction.md",
  "sidebar_label": "Dashboard",
  "sidebar": "serviceWorkbenchSidebar",
  "previous": {
    "title": "Terminating a Workspace",
    "permalink": "/user_guide/sidebar/common/workspaces/terminating_a_workspace"
  },
  "next": {
    "title": "Auth Introduction",
    "permalink": "/user_guide/sidebar/admin/auth/introduction"
  }
}