{
  "id": "deployment/configuration/auth/enabling_ad",
  "title": "Enable Active Directory Authentication",
  "description": "To enable the Active Directory authentication, perform the following actions:",
  "source": "@site/docs\\deployment\\configuration\\auth\\enabling_ad.md",
  "permalink": "/deployment/configuration/auth/enabling_ad",
  "editUrl": "https://github.com/awslabs/go-research-on-aws/website/docs/deployment/configuration/auth/enabling_ad.md",
  "sidebar_label": "Enable Active Directory Authentication",
  "sidebar": "serviceWorkbenchSidebar",
  "previous": {
    "title": "Viewing logs",
    "permalink": "/deployment/post_deployment/logs"
  },
  "next": {
    "title": "Configure Auth0 and SAML2",
    "permalink": "/deployment/configuration/auth/configuring_auth0"
  }
}