{
  "id": "deployment/about_this_guide",
  "title": "About this guide",
  "description": "This deployment guide describes installation instructions and configuration steps for deploying Service Workbench in the Amazon Web Services (AWS) Cloud. It includes links to existing AWS Cloud services it orchestrates, such as AWS CloudFormation, AWS Organizations, AWS Identity and Access Management (IAM), and more.",
  "source": "@site/docs\\deployment\\about_this_guide.md",
  "permalink": "/deployment/about_this_guide",
  "editUrl": "https://github.com/awslabs/go-research-on-aws/website/docs/deployment/about_this_guide.md",
  "sidebar_label": "About this guide",
  "sidebar": "serviceWorkbenchSidebar",
  "previous": {
    "title": "Introduction",
    "permalink": "/introduction"
  },
  "next": {
    "title": "Features",
    "permalink": "/deployment/summary"
  }
}