{
  "id": "deployment/reference/prepare_master_account",
  "title": "Prepare the Master Account",
  "description": "mechanism, this step can be omitted.",
  "source": "@site/docs\\deployment\\reference\\prepare_master_account.md",
  "permalink": "/deployment/reference/prepare_master_account",
  "editUrl": "https://github.com/awslabs/go-research-on-aws/website/docs/deployment/reference/prepare_master_account.md",
  "sidebar_label": "Prepare the Master Account",
  "sidebar": "serviceWorkbenchSidebar",
  "previous": {
    "title": "Usage of AWS Cloud Services",
    "permalink": "/deployment/reference/aws_services"
  },
  "next": {
    "title": "Account Structure",
    "permalink": "/user_guide/account_structure"
  }
}