{
  "id": "user_guide/sidebar/admin/users/add_federated_user",
  "title": "Adding Federated Users",
  "description": "Add a single federated user",
  "source": "@site/docs\\user_guide\\sidebar\\admin\\users\\add_federate_user.md",
  "permalink": "/user_guide/sidebar/admin/users/add_federated_user",
  "editUrl": "https://github.com/awslabs/go-research-on-aws/website/docs/user_guide/sidebar/admin/users/add_federate_user.md",
  "sidebar_label": "Adding Federated Users",
  "sidebar": "serviceWorkbenchSidebar",
  "previous": {
    "title": "User Roles",
    "permalink": "/user_guide/sidebar/admin/users/user_roles"
  },
  "next": {
    "title": "Projects Introduction",
    "permalink": "/user_guide/sidebar/admin/accounts/projects/introduction"
  }
}