{
  "id": "user_guide/sidebar/common/studies/studies_page",
  "title": "Studies Page",
  "description": "The Studies page provides a central location for creating Studies, uploading files, managing Study permissions, and creating new Workspaces.",
  "source": "@site/docs\\user_guide\\sidebar\\common\\studies\\studies_page.md",
  "permalink": "/user_guide/sidebar/common/studies/studies_page",
  "editUrl": "https://github.com/awslabs/go-research-on-aws/website/docs/user_guide/sidebar/common/studies/studies_page.md",
  "sidebar_label": "Studies Page",
  "sidebar": "serviceWorkbenchSidebar",
  "previous": {
    "title": "Creating a Study",
    "permalink": "/user_guide/sidebar/common/studies/creating_a_study"
  },
  "next": {
    "title": "Sharing a Study",
    "permalink": "/user_guide/sidebar/common/studies/sharing_a_study"
  }
}