{
  "id": "deployment/post_deployment/create_admin_user",
  "title": "Create an Administrator User",
  "description": "Once you create an Account and an Index and Project, you must create an administrator user in the ‘Users’ tab. See Figure 7.",
  "source": "@site/docs\\deployment\\post_deployment\\create_admin_user.md",
  "permalink": "/deployment/post_deployment/create_admin_user",
  "editUrl": "https://github.com/awslabs/go-research-on-aws/website/docs/deployment/post_deployment/create_admin_user.md",
  "sidebar_label": "Create an Administrator User",
  "sidebar": "serviceWorkbenchSidebar",
  "previous": {
    "title": "Create Indexes and Projects",
    "permalink": "/deployment/post_deployment/create_index_project"
  },
  "next": {
    "title": "Import Service Catalog Products",
    "permalink": "/deployment/post_deployment/import_service_catalog_products"
  }
}