{
  "id": "user_guide/sidebar/common/studies/uploading_files",
  "title": "Uploading Files to a Study",
  "description": "In order to create a personal study, click on 'Create Study' and provide the information requested such as",
  "source": "@site/docs\\user_guide\\sidebar\\common\\studies\\uploading_files.md",
  "permalink": "/user_guide/sidebar/common/studies/uploading_files",
  "editUrl": "https://github.com/awslabs/go-research-on-aws/website/docs/user_guide/sidebar/common/studies/uploading_files.md",
  "sidebar_label": "Uploading Files",
  "sidebar": "serviceWorkbenchSidebar",
  "previous": {
    "title": "Creating a Study",
    "permalink": "/user_guide/sidebar/common/studies/creating_a_study"
  },
  "next": {
    "title": "Sharing a Study",
    "permalink": "/user_guide/sidebar/common/studies/sharing_a_study"
  }
}