{
  "id": "user_guide/sidebar/common/workspaces/introduction",
  "title": "Workspaces Introduction",
  "description": "Once a User has found the Study or Studies that they are interested in performing research on, they can deploy a Workspace to attach the data to and carry our research.",
  "source": "@site/docs\\user_guide\\sidebar\\common\\workspaces\\introduction.md",
  "permalink": "/user_guide/sidebar/common/workspaces/introduction",
  "editUrl": "https://github.com/awslabs/go-research-on-aws/website/docs/user_guide/sidebar/common/workspaces/introduction.md",
  "sidebar_label": "Introduction",
  "sidebar": "serviceWorkbenchSidebar",
  "previous": {
    "title": "Data Sources",
    "permalink": "/user_guide/sidebar/common/studies/data_sources"
  },
  "next": {
    "title": "Creating a new Workspace",
    "permalink": "/user_guide/sidebar/common/workspaces/create_workspace_study"
  }
}