{
  "id": "deployment/pre_deployment/accounts",
  "title": "Prerequisites",
  "description": "The initial prerequisites include creating a Main account in AWS and setting up the AWS Cost Explorer.",
  "source": "@site/docs\\deployment\\pre_deployment\\prerequisites.md",
  "permalink": "/deployment/pre_deployment/accounts",
  "editUrl": "https://github.com/awslabs/go-research-on-aws/website/docs/deployment/pre_deployment/prerequisites.md",
  "sidebar_label": "Prerequisites",
  "sidebar": "serviceWorkbenchSidebar",
  "previous": {
    "title": "Pre Deployment",
    "permalink": "/deployment/pre_deployment/pre_deployment"
  },
  "next": {
    "title": "Prerequisite Software",
    "permalink": "/deployment/pre_deployment/prereq_commands"
  }
}